Lap No, Lap Time, Legit
1,00:00:03.3777255,False
2,00:00:03.6560011,True
