Lap No, Lap Time, Legit
1,00:00:03.9858365,False
2,00:00:02.8558861,True
