Lap No, Lap Time, Legit
1,00:00:03.0819419,False
2,00:00:04.3517911,True
