Lap No, Lap Time, Legit
1,00:00:04.5935592,False
2,00:00:03.2718610,True
