Racer Name, Lap Count, Best Lap No, Best Lap Time,Best Clear Lap No,Best Clear Lap Time,Penalty Count, Total Time
ADV David Levy (E8),1,2,00:00:03.2718610,2,00:00:03.2718610,0,00:00:07.8654202
ADV Sharon Solomon (E4),1,2,00:00:02.8558861,2,00:00:02.8558861,0,00:00:06.8417226
ADV Noam Smadja (F7),1,2,00:00:03.6560011,2,00:00:03.6560011,0,00:00:07.0337266
ADV Hagay Ben Tovim (F1),1,2,00:00:04.3517911,2,00:00:04.3517911,0,00:00:07.4337330
