Racer Name, Lap Count, Best Lap No, Best Lap Time,Best Clear Lap No,Best Clear Lap Time,Penalty Count, Total Time
BEG Ofek Golan (E8),0,1,00:00:02.6541427,1,00:00:02.6541427,0,00:00:02.6541427
BEG Eli Green (E4),0,1,00:00:03.3774373,1,00:00:03.3774373,0,00:00:03.3774373
BEG Amit Refael (F7),0,1,00:00:03.9294062,1,00:00:03.9294062,0,00:00:03.9294062
BEG Tal Haliva (F1),0,1,00:00:04.4653755,1,00:00:04.4653755,0,00:00:04.4653755
