Lap No, Lap Time, Legit
1,00:00:05.8571290,False
2,00:00:03.0558355,True
3,00:00:03.1757572,True
4,00:00:04.0478845,True
