Lap No, Lap Time, Legit
1,00:00:04.7851376,False
2,00:00:03.3198885,True
3,00:00:04.5516551,True
4,00:00:02.3199630,True
