Lap No, Lap Time, Legit
1,00:00:05.4810827,False
2,00:00:02.1278967,True
3,00:00:04.7198348,True
