Lap No, Lap Time, Legit
1,00:00:04.3932361,False
2,00:00:03.9437773,True
3,00:00:04.3844701,True
