Lap No, Lap Time, Legit
1,00:00:02.6406109,False
2,00:00:02.2717702,True
3,00:00:02.5199060,True
4,00:00:02.5040264,True
5,00:00:02.2886197,True
6,00:00:02.7672272,True
