Lap No, Lap Time, Legit
1,00:00:02.5549518,False
2,00:00:02.2812692,True
3,00:00:02.5214735,True
4,00:00:02.4264019,True
5,00:00:03.5441676,True
