Lap No, Lap Time, Legit
1,00:00:02.5860026,False
2,00:00:02.2900660,True
3,00:00:02.5173901,True
4,00:00:02.4388522,True
5,00:00:02.0240413,True
6,00:00:02.7517359,True
