Lap No, Lap Time, Legit
1,00:00:02.4887289,False
2,00:00:02.2960148,True
3,00:00:02.5118517,True
4,00:00:02.4238682,True
5,00:00:04.0319208,True
