Lap No, Lap Time, Legit
1,00:00:02.4794150,False
2,00:00:02.1678864,True
3,00:00:03.8797901,True
4,00:00:02.3838765,True
