Lap No, Lap Time, Legit
1,00:00:05.6549519,False
2,00:00:02.0081814,True
3,00:00:02.8558115,True
