Lap No, Lap Time, Legit
1,00:00:03.7193465,False
2,00:00:03.0642837,True
3,00:00:04.2231104,True
