Lap No, Lap Time, Legit
1,00:00:03.2713644,False
2,00:00:02.8318578,True
3,00:00:03.5998018,True
