Racer Name, Lap Count, Best Lap No, Best Lap Time,Best Clear Lap No,Best Clear Lap Time,Penalty Count, Total Time
BEG Vadim Nemtsev (E8),3,2,00:00:02.1678864,2,00:00:02.1678864,0,00:00:10.9109680
BEG Yehonathan Porat (E4),2,2,00:00:03.0642837,2,00:00:03.0642837,0,00:00:11.0067406
BEG Itay Ben Ner (F7),2,2,00:00:02.0081814,2,00:00:02.0081814,0,00:00:10.5189448
BEG Dolev Vaknin (F1),2,2,00:00:02.8318578,2,00:00:02.8318578,0,00:00:09.7030240
