Lap No, Lap Time, Legit
1,00:00:04.7861268,False
2,00:00:02.6478845,True
3,00:00:06.0476722,True
