Lap No, Lap Time, Legit
1,00:00:03.8181972,False
2,00:00:04.3037786,True
3,00:00:04.0717850,True
