Lap No, Lap Time, Legit
1,00:00:03.1222411,False
2,00:00:05.3437103,True
3,00:00:03.5598148,True
