Lap No, Lap Time, Legit
1,00:00:04.3301764,False
2,00:00:03.5598006,True
3,00:00:05.2717134,True
