Lap No, Lap Time, Legit
1,00:00:03.8931407,False
2,00:00:02.5518399,True
3,00:00:03.3838449,True
4,00:00:02.2483778,True
