Lap No, Lap Time, Legit
1,00:00:03.5171473,False
2,00:00:02.4078665,True
3,00:00:03.7038671,True
4,00:00:02.4014432,True
