Lap No, Lap Time, Legit
1,00:00:03.1971152,False
2,00:00:04.8237928,True
3,00:00:02.7256293,True
