Lap No, Lap Time, Legit
1,00:00:02.3252045,False
2,00:00:02.3757673,True
3,00:00:02.7199205,True
4,00:00:02.0319401,True
5,00:00:02.4718470,True
