Lap No, Lap Time, Legit
1,00:00:06.9902203,False
2,00:00:02.3597361,True
3,00:00:03.3758770,True
4,00:00:02.5923399,True
