Lap No, Lap Time, Legit
1,00:00:03.9662086,False
2,00:00:04.2158203,True
3,00:00:03.3118092,True
4,00:00:02.5279355,True
