Lap No, Lap Time, Legit
1,00:00:06.1742939,False
2,00:00:02.6077238,True
3,00:00:03.3277478,True
4,00:00:02.6158456,True
