Lap No, Lap Time, Legit
1,00:00:03.1631738,False
2,00:00:04.3948825,True
3,00:00:03.1198369,True
4,00:00:02.8318617,True
