Racer Name, Lap Count, Best Lap No, Best Lap Time,Best Clear Lap No,Best Clear Lap Time,Penalty Count, Total Time
BEG Ofek Golan (E8),0,1,00:00:03.9957160,1,00:00:03.9957160,0,00:00:03.9957160
BEG Eli Green (E4),0,1,00:00:05.2036656,1,00:00:05.2036656,0,00:00:05.2036656
BEG Amit Refael (F7),0,1,00:00:06.1556014,1,00:00:06.1556014,0,00:00:06.1556014
BEG Tal Haliva (F1),0,1,00:00:07.3875536,1,00:00:07.3875536,0,00:00:07.3875536
