Lap No, Lap Time, Legit
1,00:00:03.1714732,False
2,00:00:03.9757664,True
