Lap No, Lap Time, Legit
1,00:00:03.8834211,False
2,00:00:03.9517839,True
