Lap No, Lap Time, Legit
1,00:00:03.5155123,False
2,00:00:03.9916446,True
