Lap No, Lap Time, Legit
1,00:00:04.4833219,False
2,00:00:03.7678611,True
