Lap No, Lap Time, Legit
1,00:00:02.7441363,False
2,00:00:02.4503259,True
3,00:00:02.3329447,True
