Lap No, Lap Time, Legit
1,00:00:02.8026136,False
2,00:00:02.3333812,True
3,00:00:02.2880055,True
