Lap No, Lap Time, Legit
1,00:00:02.5601349,False
2,00:00:02.1512398,True
3,00:00:02.2376923,True
4,00:00:02.3408371,True
