Lap No, Lap Time, Legit
1,00:00:02.3920630,False
2,00:00:02.3997285,True
3,00:00:02.2480900,True
4,00:00:02.3195825,True
