Racer Name, Lap Count, Best Lap No, Best Lap Time,Best Clear Lap No,Best Clear Lap Time,Penalty Count, Total Time
BEG Adam Galmor (E8),2,3,00:00:02.2880055,3,00:00:02.2880055,0,00:00:07.4240003
BEG Imri Harlev (E4),2,3,00:00:02.3329447,3,00:00:02.3329447,0,00:00:07.5274069
BEG Ori Leshed (F7),3,2,00:00:02.1512398,2,00:00:02.1512398,0,00:00:09.2899041
BEG Nehemia Hadad (F1),3,3,00:00:02.2480900,3,00:00:02.2480900,0,00:00:09.3594640
